FECHA_ACCIDENTE,Atropello,Caida Ocupante,Choque,Incendio,Otro,Volcamiento
2015-01-01,27,10,22,0,8,3
2015-01-02,10,9,45,0,10,3
2015-01-03,11,11,42,0,8,1
2015-01-04,8,11,33,0,5,1
2015-01-05,8,3,52,0,6,7
2015-01-06,13,4,71,0,9,3
2015-01-07,14,6,56,0,11,1
2015-01-08,7,4,58,0,9,5
2015-01-09,17,14,60,0,7,5
2015-01-10,19,9,57,0,4,2
2015-01-11,10,7,37,0,9,2
2015-01-12,7,13,31,0,6,3
2015-01-13,16,13,99,0,31,5
2015-01-14,10,11,70,0,10,3
2015-01-15,10,11,64,0,8,8
2015-01-16,16,13,70,0,13,4
2015-01-17,9,14,59,0,24,3
2015-01-18,12,9,44,0,3,2
2015-01-19,9,13,71,0,6,1
2015-01-20,14,13,94,0,18,6
2015-01-21,13,19,81,0,16,5
2015-01-22,12,8,91,0,29,4
2015-01-23,9,8,71,0,18,2
2015-01-24,16,10,65,0,8,4
2015-01-25,20,13,37,0,9,1
2015-01-26,11,12,68,0,15,3
2015-01-27,11,11,74,0,20,8
2015-01-28,8,7,77,0,7,1
2015-01-29,17,10,84,0,10,3
2015-01-30,8,5,67,0,13,4
2015-01-31,15,6,79,0,5,2
2015-02-01,12,9,50,0,6,4
2015-02-02,18,12,89,0,11,6
2015-02-03,18,14,96,0,13,1
2015-02-04,11,12,72,0,8,2
2015-02-05,13,20,85,0,19,0
2015-02-06,13,17,102,0,18,2
2015-02-07,13,11,70,0,13,6
2015-02-08,14,7,53,0,18,3
2015-02-09,17,10,89,0,30,5
2015-02-10,7,14,105,0,13,2
2015-02-11,17,8,69,0,8,2
2015-02-12,13,10,91,0,10,5
2015-02-13,11,10,105,0,13,3
2015-02-14,10,13,74,0,7,3
2015-02-15,13,3,62,0,15,4
2015-02-16,19,6,97,0,9,3
2015-02-17,9,7,103,0,11,5
2015-02-18,18,10,83,0,10,6
2015-02-19,16,5,98,0,19,2
2015-02-20,10,13,96,0,19,3
2015-02-21,16,6,70,0,8,12
2015-02-22,5,8,50,0,6,1
2015-02-23,14,7,86,0,11,3
2015-02-24,10,14,96,0,10,1
2015-02-25,22,8,85,0,14,4
2015-02-26,11,7,94,0,17,3
2015-02-27,17,9,92,0,7,7
2015-02-28,14,11,77,0,14,7
2015-03-01,16,7,60,0,18,3
2015-03-02,17,12,84,0,12,2
2015-03-03,14,12,89,0,15,3
2015-03-04,15,11,92,0,17,0
2015-03-05,14,13,83,0,13,2
2015-03-06,24,19,78,0,13,1
2015-03-07,7,16,77,0,13,4
2015-03-08,15,11,58,0,13,2
2015-03-09,10,7,91,0,14,4
2015-03-10,14,13,121,0,6,3
2015-03-11,8,14,72,0,8,3
2015-03-12,15,18,92,0,9,6
2015-03-13,15,7,81,0,20,1
2015-03-14,21,19,74,0,8,4
2015-03-15,19,13,51,0,8,4
2015-03-16,7,17,90,0,13,7
2015-03-17,14,15,92,0,5,6
2015-03-18,11,18,70,0,14,2
2015-03-19,7,19,105,0,17,2
2015-03-20,11,10,100,0,8,3
2015-03-21,15,10,96,0,13,4
2015-03-22,11,10,44,0,11,4
2015-03-23,9,3,46,0,14,1
2015-03-24,15,6,98,0,15,3
2015-03-25,10,12,100,0,18,5
2015-03-26,15,14,77,0,16,0
2015-03-27,14,11,91,0,17,4
2015-03-28,16,15,71,0,13,2
2015-03-29,8,11,40,0,12,2
2015-03-30,9,12,92,0,14,2
2015-03-31,17,10,68,0,7,0
2015-04-01,14,13,84,0,11,5
2015-04-02,10,6,36,0,11,3
2015-04-03,1,4,25,0,6,1
2015-04-04,5,5,49,0,14,1
2015-04-05,6,7,34,0,10,1
2015-04-06,10,5,99,0,11,4
2015-04-07,18,9,72,0,10,2
2015-04-08,8,18,94,0,15,5
2015-04-09,13,7,82,0,17,5
2015-04-10,12,16,104,0,11,4
2015-04-11,15,9,91,0,11,3
2015-04-12,3,5,51,0,15,2
2015-04-13,16,12,97,0,15,7
2015-04-14,11,19,66,0,17,2
2015-04-15,9,18,67,0,17,6
2015-04-16,16,16,95,0,16,2
2015-04-17,8,15,95,0,16,9
2015-04-18,13,12,84,0,9,2
2015-04-19,12,5,36,0,5,0
2015-04-20,14,9,111,0,8,4
2015-04-21,14,12,105,0,13,8
2015-04-22,16,9,69,0,10,1
2015-04-23,14,10,117,0,6,3
2015-04-24,17,15,111,0,10,2
2015-04-25,16,9,80,0,9,6
2015-04-26,12,14,65,0,12,0
2015-04-27,17,6,108,0,9,3
2015-04-28,16,13,100,0,15,5
2015-04-29,14,7,98,0,17,5
2015-04-30,11,11,103,0,12,2
2015-05-01,16,11,53,0,5,2
2015-05-02,13,9,77,0,12,3
2015-05-03,8,12,47,0,14,1
2015-05-04,15,17,80,0,27,7
2015-05-05,10,14,86,0,12,0
2015-05-06,11,23,69,0,10,3
2015-05-07,17,12,106,0,10,1
2015-05-08,14,9,91,0,11,2
2015-05-09,18,11,106,0,13,3
2015-05-10,10,11,72,0,12,4
2015-05-11,16,18,93,0,12,7
2015-05-12,16,17,112,0,13,3
2015-05-13,8,8,105,0,10,5
2015-05-14,10,6,88,0,8,5
2015-05-15,15,12,100,0,10,9
2015-05-16,18,6,96,0,14,5
2015-05-17,16,7,40,0,9,3
2015-05-18,13,8,50,0,8,6
2015-05-19,18,9,99,0,12,1
2015-05-20,15,18,85,0,8,1
2015-05-21,12,15,87,0,21,5
2015-05-22,20,12,100,0,18,5
2015-05-23,17,8,86,0,6,3
2015-05-24,10,9,35,0,11,4
2015-05-25,15,20,84,0,22,5
2015-05-26,16,16,81,0,9,2
2015-05-27,18,13,87,0,17,1
2015-05-28,12,6,87,0,15,4
2015-05-29,14,4,91,0,21,4
2015-05-30,7,9,96,0,8,1
2015-05-31,15,10,53,0,14,3
2015-06-01,12,13,89,0,17,3
2015-06-02,18,10,83,0,15,2
2015-06-03,23,13,113,0,17,0
2015-06-04,10,9,86,0,15,3
2015-06-05,19,11,85,0,11,4
2015-06-06,15,11,102,0,11,5
2015-06-07,13,11,46,0,6,6
2015-06-08,10,13,39,0,6,3
2015-06-09,13,10,92,0,14,2
2015-06-10,11,25,92,0,11,5
2015-06-11,19,5,81,0,8,4
2015-06-12,11,6,97,0,9,3
2015-06-13,9,4,69,0,13,2
2015-06-14,12,7,46,0,10,4
2015-06-15,10,7,37,0,17,3
2015-06-16,10,10,102,0,6,4
2015-06-17,18,7,77,0,9,9
2015-06-18,14,9,80,0,10,3
2015-06-19,15,13,102,0,14,2
2015-06-20,13,20,75,0,8,5
2015-06-21,7,10,49,0,7,4
2015-06-22,7,13,71,0,8,2
2015-06-23,16,15,83,0,2,4
2015-06-24,13,6,98,0,13,2
2015-06-25,12,10,68,0,8,5
2015-06-26,15,17,84,0,9,6
2015-06-27,21,10,76,0,9,4
2015-06-28,7,1,30,0,5,0
2015-06-29,10,8,42,0,6,5
2015-06-30,13,7,99,0,8,8
2015-07-01,11,10,89,0,9,2
2015-07-02,12,9,85,0,10,2
2015-07-03,14,3,80,0,13,3
2015-07-04,22,11,75,0,8,6
2015-07-05,11,4,54,0,6,5
2015-07-06,11,22,95,0,7,9
2015-07-07,19,15,91,0,12,3
2015-07-08,12,9,94,0,18,12
2015-07-09,15,10,91,0,8,10
2015-07-10,19,4,86,0,16,7
2015-07-11,11,11,78,0,11,5
2015-07-12,14,9,56,0,18,5
2015-07-13,8,13,98,0,18,7
2015-07-14,10,15,93,0,16,6
2015-07-15,15,8,88,0,34,11
2015-07-16,9,6,90,0,14,10
2015-07-17,16,9,108,0,12,5
2015-07-18,18,10,82,0,9,10
2015-07-19,10,12,37,0,12,7
2015-07-20,14,6,47,0,6,8
2015-07-21,7,11,108,0,9,3
2015-07-22,10,13,78,0,10,3
2015-07-23,11,4,89,0,15,4
2015-07-24,13,12,86,0,15,3
2015-07-25,16,6,90,0,16,2
2015-07-26,9,8,46,0,10,2
2015-07-27,11,14,101,0,11,2
2015-07-28,6,12,106,0,9,9
2015-07-29,19,12,100,0,21,2
2015-07-30,10,15,87,0,16,4
2015-07-31,13,7,106,0,7,3
2015-08-01,18,5,80,0,11,5
2015-08-02,14,9,63,0,10,6
2015-08-03,10,18,118,0,4,3
2015-08-04,6,9,104,0,14,13
2015-08-05,14,13,112,0,9,3
2015-08-06,16,6,106,0,14,3
2015-08-07,10,10,63,0,10,8
2015-08-08,15,25,90,0,7,2
2015-08-09,15,7,53,0,5,3
2015-08-10,10,15,90,0,11,3
2015-08-11,12,14,92,0,10,4
2015-08-12,19,2,69,0,13,6
2015-08-13,12,13,83,0,11,5
2015-08-14,10,7,114,0,13,7
2015-08-15,16,12,94,0,12,3
2015-08-16,10,17,48,0,16,6
2015-08-17,9,7,46,0,13,4
2015-08-18,12,21,117,0,27,14
2015-08-19,15,9,78,0,10,3
2015-08-20,9,15,89,0,10,6
2015-08-21,5,8,86,0,10,8
2015-08-22,9,13,65,0,6,3
2015-08-23,7,11,38,0,14,2
2015-08-24,12,16,87,0,34,5
2015-08-25,10,16,81,0,10,3
2015-08-26,8,11,92,0,15,5
2015-08-27,20,10,75,0,22,5
2015-08-28,23,24,121,0,19,4
2015-08-29,17,11,96,0,8,6
2015-08-30,11,9,48,0,16,4
2015-08-31,11,20,79,0,11,6
2015-09-01,12,12,98,0,11,4
2015-09-02,10,10,100,0,11,7
2015-09-03,14,10,104,0,12,2
2015-09-04,15,13,112,0,9,5
2015-09-05,16,4,90,0,6,1
2015-09-06,13,4,52,0,20,7
2015-09-07,10,17,102,0,8,5
2015-09-08,13,5,78,0,12,3
2015-09-09,14,7,99,0,13,4
2015-09-10,21,23,81,0,18,12
2015-09-11,9,13,115,0,22,6
2015-09-12,16,9,87,0,12,8
2015-09-13,14,6,59,0,19,4
2015-09-14,19,11,109,0,19,2
2015-09-15,13,10,87,0,8,6
2015-09-16,12,10,99,0,14,3
2015-09-17,13,16,109,0,24,3
2015-09-18,17,15,106,0,16,9
2015-09-19,14,9,92,0,12,4
2015-09-20,9,10,39,0,13,3
2015-09-21,8,9,108,0,13,8
2015-09-22,16,11,78,0,8,3
2015-09-23,10,7,89,0,13,3
2015-09-24,18,14,92,0,11,8
2015-09-25,13,14,87,0,6,10
2015-09-26,13,12,79,0,9,5
2015-09-27,8,7,53,0,13,6
2015-09-28,10,14,92,0,9,4
2015-09-29,13,15,91,0,11,0
2015-09-30,16,14,90,0,14,4
2015-10-01,4,25,96,0,22,6
2015-10-02,18,3,104,0,12,3
2015-10-03,10,11,94,0,6,2
2015-10-04,7,5,54,0,14,2
2015-10-05,12,6,100,0,10,3
2015-10-06,17,11,90,0,15,5
2015-10-07,12,6,88,0,11,6
2015-10-08,12,14,86,0,12,3
2015-10-09,16,8,76,0,10,4
2015-10-10,14,8,94,0,13,4
2015-10-11,11,11,42,0,6,12
2015-10-12,10,9,40,1,13,1
2015-10-13,10,18,103,0,22,10
2015-10-14,15,11,83,0,6,2
2015-10-15,9,18,67,0,21,10
2015-10-16,19,13,93,0,16,5
2015-10-17,17,6,95,0,15,3
2015-10-18,8,9,45,0,16,0
2015-10-19,16,9,108,0,11,4
2015-10-20,8,12,101,0,17,7
2015-10-21,11,9,84,0,13,5
2015-10-22,17,13,83,0,12,4
2015-10-23,8,12,88,0,14,2
2015-10-24,7,6,94,0,7,7
2015-10-25,10,4,45,0,10,0
2015-10-26,6,13,82,0,15,4
2015-10-27,12,8,74,0,10,3
2015-10-28,14,2,84,0,13,3
2015-10-29,14,8,93,0,19,7
2015-10-30,14,10,115,0,14,3
2015-10-31,17,6,81,0,21,12
2015-11-01,13,8,42,0,4,8
2015-11-02,5,9,41,0,7,4
2015-11-03,21,13,81,0,6,1
2015-11-04,10,3,91,0,19,6
2015-11-05,5,18,100,0,12,5
2015-11-06,14,12,112,0,4,2
2015-11-07,15,4,90,0,11,3
2015-11-08,8,12,41,0,10,5
2015-11-09,6,5,82,0,14,5
2015-11-10,12,17,110,0,14,5
2015-11-11,8,21,109,0,9,4
2015-11-12,14,9,75,0,15,3
2015-11-13,15,10,98,0,10,2
2015-11-14,7,5,69,0,8,8
2015-11-15,7,9,40,0,13,3
2015-11-16,6,11,38,0,18,3
2015-11-17,13,10,96,0,19,9
2015-11-18,9,12,84,0,17,17
2015-11-19,10,12,79,0,15,7
2015-11-20,11,14,91,0,10,7
2015-11-21,10,13,80,0,5,5
2015-11-22,12,5,61,0,8,4
2015-11-23,13,13,100,0,19,5
2015-11-24,8,7,89,0,16,4
2015-11-25,10,13,85,0,18,4
2015-11-26,14,10,96,0,11,3
2015-11-27,11,12,104,0,5,5
2015-11-28,14,10,85,0,19,0
2015-11-29,6,8,47,0,10,1
2015-11-30,11,8,74,0,18,4
2015-12-01,16,14,91,0,17,5
2015-12-02,13,9,105,0,7,1
2015-12-03,8,17,106,0,19,5
2015-12-04,10,13,89,0,11,4
2015-12-05,27,6,93,0,13,5
2015-12-06,8,11,35,0,9,1
2015-12-07,12,17,126,0,12,2
2015-12-08,15,5,67,0,9,5
2015-12-09,12,9,104,0,9,3
2015-12-10,15,8,91,0,8,10
2015-12-11,10,9,82,0,12,3
2015-12-12,11,13,108,0,8,4
2015-12-13,17,9,58,0,13,2
2015-12-14,11,12,98,0,10,8
2015-12-15,13,11,96,0,19,4
2015-12-16,13,6,115,0,22,6
2015-12-17,15,11,78,0,13,1
2015-12-18,16,7,97,0,16,8
2015-12-19,17,5,91,0,14,5
2015-12-20,18,8,56,0,9,5
2015-12-21,8,12,84,0,14,4
2015-12-22,9,8,110,0,19,5
2015-12-23,11,11,87,0,7,5
2015-12-24,19,11,81,0,15,2
2015-12-25,13,4,40,0,10,4
2015-12-26,9,12,47,0,13,2
2015-12-27,11,5,33,0,9,8
2015-12-28,12,8,69,0,5,3
2015-12-29,10,3,85,0,2,3
2015-12-30,9,9,92,0,8,2
2015-12-31,16,10,46,0,8,1
2016-01-01,14,11,33,0,8,3
2016-01-02,5,6,38,0,4,8
2016-01-03,8,6,34,0,7,8
2016-01-04,6,16,57,0,14,4
2016-01-05,10,9,53,0,16,2
2016-01-06,3,7,71,0,13,1
2016-01-07,12,8,63,0,6,6
2016-01-08,9,6,64,0,17,2
2016-01-09,10,4,44,0,15,1
2016-01-10,11,6,41,0,9,0
2016-01-11,3,11,31,0,7,4
2016-01-12,12,4,74,0,13,5
2016-01-13,6,8,87,0,14,5
2016-01-14,8,7,68,0,21,1
2016-01-15,10,7,82,0,20,0
2016-01-16,9,14,91,0,9,6
2016-01-17,12,3,41,0,8,2
2016-01-18,15,14,87,0,15,2
2016-01-19,15,5,104,0,12,0
2016-01-20,19,14,91,0,11,4
2016-01-21,11,11,77,0,10,3
2016-01-22,7,17,94,0,13,3
2016-01-23,18,5,69,0,7,3
2016-01-24,10,8,38,0,15,4
2016-01-25,7,8,89,0,10,3
2016-01-26,16,14,84,0,5,6
2016-01-27,12,9,105,0,6,3
2016-01-28,8,20,81,0,6,3
2016-01-29,18,13,90,0,12,3
2016-01-30,11,4,83,0,4,4
2016-01-31,10,9,43,0,16,4
2016-02-01,16,14,77,0,22,1
2016-02-02,18,11,100,0,15,7
2016-02-03,10,11,92,0,13,2
2016-02-04,17,8,97,0,15,2
2016-02-05,12,13,87,0,11,2
2016-02-06,24,10,78,0,13,9
2016-02-07,12,9,51,0,11,4
2016-02-08,15,19,77,0,14,7
2016-02-09,22,7,83,0,16,3
2016-02-10,12,10,92,0,10,9
2016-02-11,16,28,88,0,34,6
2016-02-12,13,8,77,0,9,3
2016-02-13,11,11,94,0,8,3
2016-02-14,6,10,47,0,6,1
2016-02-15,13,13,85,0,8,7
2016-02-16,13,8,88,0,9,7
2016-02-17,12,20,116,0,24,11
2016-02-18,12,11,103,0,11,4
2016-02-19,19,12,103,0,11,5
2016-02-20,12,9,91,0,22,8
2016-02-21,7,8,36,0,14,7
2016-02-22,11,11,95,0,13,9
2016-02-23,14,10,83,0,14,2
2016-02-24,11,6,84,0,8,5
2016-02-25,8,13,79,0,13,3
2016-02-26,14,7,100,0,11,3
2016-02-27,11,14,90,0,9,1
2016-02-28,12,8,42,0,15,4
2016-02-29,10,9,96,0,17,6
2016-03-01,15,6,104,0,13,4
2016-03-02,9,10,77,0,12,3
2016-03-03,8,8,85,0,20,3
2016-03-04,9,18,91,0,16,3
2016-03-05,18,19,104,0,15,7
2016-03-06,9,10,50,0,11,3
2016-03-07,16,12,115,1,17,5
2016-03-08,12,4,94,0,11,8
2016-03-09,10,9,79,0,17,6
2016-03-10,13,18,104,0,23,7
2016-03-11,17,12,118,1,9,6
2016-03-12,12,6,92,0,8,12
2016-03-13,11,8,50,0,17,1
2016-03-14,11,17,97,0,28,10
2016-03-15,22,6,83,0,15,2
2016-03-16,12,11,94,0,16,3
2016-03-17,13,13,108,0,22,15
2016-03-18,11,15,110,0,13,5
2016-03-19,19,9,81,0,26,6
2016-03-20,7,8,46,0,14,4
2016-03-21,13,4,36,0,21,3
2016-03-22,15,8,77,0,15,1
2016-03-23,10,8,86,0,20,3
2016-03-24,7,5,28,0,6,3
2016-03-25,4,2,14,0,7,3
2016-03-26,13,5,47,0,12,3
2016-03-27,11,11,40,0,4,3
2016-03-28,14,22,90,0,19,5
2016-03-29,15,11,77,0,14,2
2016-03-30,13,11,85,0,23,3
2016-03-31,10,13,78,0,22,4
2016-04-01,6,17,80,0,19,4
2016-04-02,9,4,59,0,1,2
2016-04-03,8,5,23,0,5,3
2016-04-04,6,6,100,0,14,8
2016-04-05,11,8,99,0,19,6
2016-04-06,23,6,110,0,16,4
2016-04-07,11,6,86,0,6,3
2016-04-08,17,12,131,0,20,16
2016-04-09,11,10,75,0,13,14
2016-04-10,12,6,63,0,15,3
2016-04-11,16,10,96,0,14,10
2016-04-12,6,7,101,0,27,1
2016-04-13,10,15,81,0,8,3
2016-04-14,14,11,93,0,9,6
2016-04-15,12,11,115,0,17,8
2016-04-16,11,10,85,0,10,2
2016-04-17,19,8,46,0,12,6
2016-04-18,14,7,107,0,15,8
2016-04-19,14,4,93,0,7,7
2016-04-20,9,13,101,0,23,3
2016-04-21,13,10,92,0,11,8
2016-04-22,13,6,61,0,10,1
2016-04-23,10,7,85,0,9,3
2016-04-24,7,16,47,0,19,6
2016-04-25,12,14,89,0,13,6
2016-04-26,10,16,90,0,14,1
2016-04-27,12,10,95,0,20,3
2016-04-28,11,11,99,0,20,5
2016-04-29,14,15,108,0,14,3
2016-04-30,12,18,82,0,10,5
2016-05-01,11,10,52,0,15,3
2016-05-02,7,12,78,0,13,3
2016-05-03,7,14,86,0,14,2
2016-05-04,8,16,80,0,22,5
2016-05-05,11,12,96,0,18,4
2016-05-06,20,10,119,0,20,6
2016-05-07,14,7,117,0,7,2
2016-05-08,14,9,55,0,8,4
2016-05-09,8,9,52,0,3,7
2016-05-10,7,9,96,0,19,7
2016-05-11,10,11,102,0,13,2
2016-05-12,10,12,87,0,17,8
2016-05-13,15,7,107,0,10,5
2016-05-14,11,5,75,0,13,1
2016-05-15,16,14,52,0,7,3
2016-05-16,16,13,105,0,12,5
2016-05-17,17,14,118,0,16,4
2016-05-18,10,9,88,0,16,4
2016-05-19,15,15,111,0,17,3
2016-05-20,12,7,81,0,21,3
2016-05-21,11,16,99,0,10,4
2016-05-22,11,9,36,0,17,1
2016-05-23,9,13,103,0,13,3
2016-05-24,15,10,86,0,16,4
2016-05-25,8,19,87,0,17,6
2016-05-26,9,10,101,0,24,5
2016-05-27,14,13,74,0,13,5
2016-05-28,13,9,69,0,22,4
2016-05-29,7,7,38,0,14,0
2016-05-30,4,3,34,0,16,4
2016-05-31,3,7,39,0,14,6
2016-06-01,13,11,74,0,12,5
2016-06-02,9,11,89,0,17,6
2016-06-03,17,13,88,0,12,0
2016-06-04,15,6,82,0,14,3
2016-06-05,14,5,36,0,9,2
2016-06-06,11,4,37,0,11,3
2016-06-07,8,15,94,0,21,7
2016-06-08,6,3,80,0,11,3
2016-06-09,10,9,76,0,16,2
2016-06-10,13,10,78,0,18,5
2016-06-11,19,9,87,0,16,1
2016-06-12,13,10,55,0,21,3
2016-06-13,8,12,86,0,17,2
2016-06-14,4,12,88,0,25,15
2016-06-15,3,7,111,0,12,8
2016-06-16,14,10,82,0,16,5
2016-06-17,13,7,93,0,12,3
2016-06-18,18,19,99,0,23,2
2016-06-19,10,6,56,0,9,7
2016-06-20,14,10,79,0,20,10
2016-06-21,11,16,92,0,11,7
2016-06-22,12,13,101,0,7,4
2016-06-23,10,19,90,0,25,8
2016-06-24,11,6,72,0,15,1
2016-06-25,11,4,88,0,8,4
2016-06-26,7,3,49,0,12,6
2016-06-27,14,6,81,0,12,6
2016-06-28,10,21,94,0,15,1
2016-06-29,11,3,77,0,11,7
2016-06-30,5,2,41,0,12,4
2016-07-01,13,6,84,0,5,1
2016-07-02,15,8,83,0,9,12
2016-07-03,6,8,35,0,8,4
2016-07-04,8,8,45,0,9,2
2016-07-05,12,9,86,0,20,7
2016-07-06,9,13,76,0,15,4
2016-07-07,18,10,85,0,12,7
2016-07-08,13,6,103,0,14,1
2016-07-09,15,11,114,0,18,5
2016-07-10,13,9,49,0,12,1
2016-07-11,16,9,75,0,21,3
2016-07-12,11,8,92,0,18,4
2016-07-13,10,6,93,0,12,3
2016-07-14,16,7,91,0,18,1
2016-07-15,11,12,111,0,32,5
2016-07-16,8,11,76,0,14,4
2016-07-17,7,10,58,0,17,3
2016-07-18,14,13,99,0,20,3
2016-07-19,19,4,94,0,20,3
2016-07-20,11,5,51,0,11,4
2016-07-21,4,7,91,0,21,2
2016-07-22,13,10,82,0,13,3
2016-07-23,14,10,94,0,14,3
2016-07-24,7,6,42,0,13,1
2016-07-25,7,18,86,0,17,7
2016-07-26,8,10,98,0,13,4
2016-07-27,17,12,110,0,23,10
2016-07-28,19,14,94,0,12,4
2016-07-29,7,12,113,0,16,1
2016-07-30,16,10,82,0,16,2
2016-07-31,10,10,59,0,8,3
2016-08-01,13,25,89,0,19,4
2016-08-02,12,18,104,0,19,4
2016-08-03,13,10,102,0,19,4
2016-08-04,12,19,92,0,33,8
2016-08-05,13,17,109,0,19,4
2016-08-06,19,16,95,0,12,6
2016-08-07,7,7,65,0,14,2
2016-08-08,9,18,80,0,19,5
2016-08-09,10,11,112,0,10,3
2016-08-10,15,10,89,0,18,6
2016-08-11,9,18,103,0,17,0
2016-08-12,13,7,93,0,14,10
2016-08-13,10,12,102,0,11,8
2016-08-14,12,3,48,0,5,0
2016-08-15,5,6,34,0,9,3
2016-08-16,10,9,101,0,20,9
2016-08-17,9,12,92,0,20,6
2016-08-18,11,22,96,0,19,13
2016-08-19,11,9,106,0,23,3
2016-08-20,8,10,82,0,26,5
2016-08-21,10,11,55,0,9,3
2016-08-22,17,14,99,0,12,3
2016-08-23,15,9,103,0,11,5
2016-08-24,13,14,83,0,16,4
2016-08-25,18,13,106,0,16,9
2016-08-26,9,10,110,0,11,9
2016-08-27,13,5,76,0,13,2
2016-08-28,10,5,47,0,15,2
2016-08-29,10,28,88,0,11,2
2016-08-30,10,12,67,0,17,4
2016-08-31,7,11,64,0,10,2
2016-09-01,15,10,82,0,19,2
2016-09-02,20,14,100,0,22,5
2016-09-03,18,22,86,0,15,3
2016-09-04,11,8,47,0,11,0
2016-09-05,11,10,99,0,9,3
2016-09-06,13,7,99,0,18,2
2016-09-07,11,10,86,0,18,1
2016-09-08,10,10,113,0,11,5
2016-09-09,8,8,80,0,16,4
2016-09-10,16,10,98,0,15,2
2016-09-11,8,12,50,0,2,4
2016-09-12,12,19,98,0,17,7
2016-09-13,14,9,81,0,16,4
2016-09-14,10,13,88,0,12,6
2016-09-15,12,13,104,1,16,11
2016-09-16,18,13,110,0,17,3
2016-09-17,17,7,106,0,10,1
2016-09-18,10,6,48,0,11,2
2016-09-19,10,12,82,0,12,5
2016-09-20,15,7,105,0,9,3
2016-09-21,22,19,80,0,14,9
2016-09-22,9,22,97,0,11,5
2016-09-23,18,16,99,0,25,1
2016-09-24,13,14,90,0,13,4
2016-09-25,7,7,60,0,7,3
2016-09-26,14,16,90,0,16,2
2016-09-27,5,16,91,0,15,6
2016-09-28,16,27,75,0,19,6
2016-09-29,12,11,78,0,18,7
2016-09-30,13,5,79,0,14,7
2016-10-01,15,11,83,0,6,3
2016-10-02,14,14,64,0,7,2
2016-10-03,21,11,105,0,12,1
2016-10-04,7,20,100,0,10,3
2016-10-05,11,6,98,0,14,4
2016-10-06,13,12,109,0,22,1
2016-10-07,13,21,125,0,20,8
2016-10-08,12,8,100,0,12,3
2016-10-09,16,10,57,0,14,6
2016-10-10,10,18,97,0,14,5
2016-10-11,8,15,84,0,25,7
2016-10-12,19,9,102,0,14,5
2016-10-13,13,9,81,0,14,0
2016-10-14,16,15,105,0,9,3
2016-10-15,7,7,86,0,22,2
2016-10-16,7,6,56,0,9,2
2016-10-17,8,6,48,0,13,6
2016-10-18,8,13,105,0,22,13
2016-10-19,16,9,90,0,11,3
2016-10-20,16,10,86,1,15,3
2016-10-21,11,8,118,0,11,7
2016-10-22,17,10,73,0,12,4
2016-10-23,18,8,48,0,14,8
2016-10-24,17,10,96,0,10,5
2016-10-25,9,18,93,0,17,4
2016-10-26,5,7,80,0,18,5
2016-10-27,10,16,103,0,18,11
2016-10-28,14,14,118,0,13,3
2016-10-29,16,17,85,0,18,2
2016-10-30,10,8,45,0,16,6
2016-10-31,7,12,96,0,17,2
2016-11-01,5,18,100,0,14,5
2016-11-02,11,14,97,0,13,5
2016-11-03,12,21,101,0,10,7
2016-11-04,7,13,97,0,25,6
2016-11-05,11,8,94,0,6,6
2016-11-06,11,9,50,0,11,3
2016-11-07,8,9,36,0,12,7
2016-11-08,12,16,91,0,6,4
2016-11-09,13,9,89,0,8,3
2016-11-10,13,17,69,0,16,11
2016-11-11,14,8,83,0,27,6
2016-11-12,9,6,89,0,16,11
2016-11-13,14,9,53,0,7,2
2016-11-14,6,10,36,0,9,5
2016-11-15,19,9,103,0,21,5
2016-11-16,6,15,75,0,21,5
2016-11-17,15,14,94,0,20,2
2016-11-18,14,14,102,0,18,4
2016-11-19,9,6,99,0,15,2
2016-11-20,9,7,42,0,12,1
2016-11-21,17,19,117,0,14,8
2016-11-22,12,9,84,0,9,3
2016-11-23,12,13,107,0,11,4
2016-11-24,6,11,92,0,14,0
2016-11-25,11,27,100,0,11,8
2016-11-26,15,10,85,0,8,4
2016-11-27,11,6,58,0,9,1
2016-11-28,12,14,88,0,11,1
2016-11-29,8,13,78,0,9,4
2016-11-30,12,7,102,0,8,8
2016-12-01,13,5,61,0,11,3
2016-12-02,10,8,96,0,14,6
2016-12-03,13,8,77,0,7,5
2016-12-04,10,5,53,0,12,5
2016-12-05,6,16,107,0,15,3
2016-12-06,12,12,89,0,9,5
2016-12-07,8,10,102,0,7,3
2016-12-08,8,5,40,0,14,2
2016-12-09,8,6,90,0,12,2
2016-12-10,15,5,77,0,25,1
2016-12-11,9,6,60,0,7,2
2016-12-12,10,5,103,0,7,0
2016-12-13,7,6,97,0,8,1
2016-12-14,9,12,82,0,13,2
2016-12-15,16,8,103,0,6,2
2016-12-16,18,11,112,0,19,7
2016-12-17,15,14,98,0,16,1
2016-12-18,10,7,67,0,9,1
2016-12-19,19,8,86,0,13,8
2016-12-20,9,13,111,0,15,5
2016-12-21,8,22,105,0,29,7
2016-12-22,9,7,94,0,10,4
2016-12-23,17,8,95,0,13,4
2016-12-24,22,6,59,0,11,1
2016-12-25,13,8,33,0,16,0
2016-12-26,16,6,67,0,9,3
2016-12-27,8,13,73,0,12,5
2016-12-28,4,12,96,0,11,4
2016-12-29,9,7,66,0,15,6
2016-12-30,19,12,75,0,15,7
2016-12-31,17,10,35,0,16,5
2017-01-01,15,8,38,0,13,4
2017-01-02,6,3,53,0,19,3
2017-01-03,9,9,66,0,5,4
2017-01-04,7,9,50,0,7,3
2017-01-05,8,8,59,0,27,4
2017-01-06,5,7,55,0,10,4
2017-01-07,7,7,59,0,10,3
2017-01-08,10,2,27,0,11,6
2017-01-09,2,2,33,0,11,2
2017-01-10,13,5,64,0,13,3
2017-01-11,11,8,82,0,14,4
2017-01-12,6,6,66,0,12,3
2017-01-13,7,19,90,0,16,6
2017-01-14,6,8,82,0,7,6
2017-01-15,4,13,49,0,14,5
2017-01-16,17,20,105,0,14,8
2017-01-17,5,15,89,0,11,4
2017-01-18,10,11,77,0,9,5
2017-01-19,9,21,96,0,11,5
2017-01-20,15,11,99,0,8,2
2017-01-21,11,4,79,0,12,0
2017-01-22,9,7,43,0,13,6
2017-01-23,5,12,96,0,9,5
2017-01-24,12,6,106,0,11,2
2017-01-25,5,11,71,0,7,3
2017-01-26,12,12,92,0,9,4
2017-01-27,8,18,116,0,16,7
2017-01-28,14,8,79,0,3,3
2017-01-29,8,8,41,0,9,1
2017-01-30,9,9,82,0,11,7
2017-01-31,11,11,110,0,9,5
2017-02-01,7,10,88,0,10,4
2017-02-02,11,12,97,0,13,2
2017-02-03,15,6,95,0,27,4
2017-02-04,12,12,81,0,12,1
2017-02-05,16,11,61,0,10,6
2017-02-06,11,10,90,0,13,6
2017-02-07,12,15,105,0,23,1
2017-02-08,13,13,95,0,11,6
2017-02-09,13,9,81,0,18,3
2017-02-10,15,6,124,0,11,4
2017-02-11,15,9,73,0,16,7
2017-02-12,16,6,40,0,11,3
2017-02-13,7,4,83,0,10,2
2017-02-14,9,3,109,0,17,4
2017-02-15,5,4,106,0,7,3
2017-02-16,10,5,102,0,15,7
2017-02-17,6,5,115,0,8,2
2017-02-18,15,7,97,0,20,4
2017-02-19,9,8,50,0,6,2
2017-02-20,10,15,120,0,14,3
2017-02-21,9,12,115,0,23,7
2017-02-22,9,6,121,0,20,7
2017-02-23,13,12,102,0,14,5
2017-02-24,6,13,103,0,23,10
2017-02-25,18,13,91,0,12,6
2017-02-26,10,11,51,0,8,3
2017-02-27,13,11,88,0,13,9
2017-02-28,6,9,98,0,25,1
2017-03-01,7,18,93,0,15,5
2017-03-02,8,13,83,0,8,1
2017-03-03,7,10,71,1,14,4
2017-03-04,15,9,106,0,11,1
2017-03-05,20,6,43,0,7,2
2017-03-06,12,14,75,0,10,3
2017-03-07,15,8,101,0,16,5
2017-03-08,13,22,101,0,30,8
2017-03-09,11,14,101,0,12,5
2017-03-10,7,14,92,0,10,9
2017-03-11,15,15,74,0,13,3
2017-03-12,12,4,40,0,11,3
2017-03-13,14,9,70,0,16,4
2017-03-14,7,16,105,0,14,3
2017-03-15,8,10,93,0,13,2
2017-03-16,20,10,79,0,14,10
2017-03-17,15,13,87,0,14,1
2017-03-18,7,8,79,0,10,3
2017-03-19,9,5,57,0,3,0
2017-03-20,7,8,40,0,10,3
2017-03-21,12,12,108,0,13,7
2017-03-22,15,9,81,0,10,6
2017-03-23,9,9,54,0,8,7
2017-03-24,7,17,85,0,12,4
2017-03-25,7,16,63,0,15,2
2017-03-26,10,7,63,0,14,1
2017-03-27,9,9,81,0,12,3
2017-03-28,9,11,95,0,9,4
2017-03-29,10,18,83,0,12,8
2017-03-30,8,22,104,0,21,7
2017-03-31,10,15,104,0,17,7
2017-04-01,20,10,102,0,10,10
2017-04-02,10,5,49,0,2,5
2017-04-03,12,16,106,0,22,2
2017-04-04,12,11,96,0,9,3
2017-04-05,9,10,85,0,16,1
2017-04-06,8,11,100,0,17,7
2017-04-07,12,11,105,0,27,3
2017-04-08,13,5,83,0,15,1
2017-04-09,13,12,30,0,11,3
2017-04-10,9,9,97,0,13,6
2017-04-11,5,8,78,0,13,3
2017-04-12,13,3,122,0,17,1
2017-04-13,11,5,30,0,8,0
2017-04-14,5,4,22,0,11,5
2017-04-15,6,3,47,0,13,6
2017-04-16,9,8,31,0,8,3
2017-04-17,9,7,87,0,4,5
2017-04-18,7,16,91,0,21,6
2017-04-19,10,10,69,0,21,4
2017-04-20,6,11,93,0,16,5
2017-04-21,8,8,73,0,9,2
2017-04-22,10,7,92,0,13,2
2017-04-23,13,15,50,0,3,3
2017-04-24,15,9,94,0,12,4
2017-04-25,14,14,104,0,11,6
2017-04-26,7,6,122,0,18,14
2017-04-27,9,8,101,0,4,2
2017-04-28,13,9,114,0,13,8
2017-04-29,19,7,84,0,13,4
2017-04-30,3,7,41,0,9,4
2017-05-01,9,9,50,0,18,4
2017-05-02,7,19,116,0,21,12
2017-05-03,5,8,88,0,22,11
2017-05-04,10,8,92,0,13,5
2017-05-05,18,12,102,0,12,5
2017-05-06,12,6,100,0,15,5
2017-05-07,7,3,40,0,10,0
2017-05-08,10,10,93,0,20,4
2017-05-09,11,6,84,0,24,6
2017-05-10,10,7,92,0,12,3
2017-05-11,5,8,91,0,14,6
2017-05-12,12,10,100,0,16,11
2017-05-13,12,11,84,0,6,7
2017-05-14,12,10,64,0,12,5
2017-05-15,8,12,100,0,27,10
2017-05-16,12,6,90,0,12,3
2017-05-17,7,16,73,0,22,8
2017-05-18,13,4,86,0,22,6
2017-05-19,13,9,115,0,12,2
2017-05-20,9,5,74,0,9,2
2017-05-21,9,9,47,0,7,2
2017-05-22,13,10,85,0,21,5
2017-05-23,12,9,100,0,19,5
2017-05-24,9,6,85,0,18,3
2017-05-25,10,12,73,0,21,4
2017-05-26,21,10,107,0,13,5
2017-05-27,9,6,69,0,20,5
2017-05-28,5,4,53,0,13,7
2017-05-29,7,10,53,0,13,6
2017-05-30,10,9,98,0,20,5
2017-05-31,5,15,85,0,35,7
2017-06-01,9,12,95,0,23,4
2017-06-02,11,11,97,0,14,7
2017-06-03,14,6,97,0,13,4
2017-06-04,5,5,51,0,13,2
2017-06-05,10,3,79,0,17,8
2017-06-06,7,6,98,0,15,7
2017-06-07,8,6,113,0,21,23
2017-06-08,9,6,78,0,18,7
2017-06-09,15,9,96,0,17,5
2017-06-10,14,9,95,0,16,5
2017-06-11,5,6,54,0,14,3
2017-06-12,6,8,86,0,12,11
2017-06-13,13,4,92,0,17,1
2017-06-14,9,9,110,0,25,8
2017-06-15,7,7,84,0,25,7
2017-06-16,9,10,87,0,15,4
2017-06-17,9,6,90,0,19,0
2017-06-18,17,12,58,0,10,1
2017-06-19,8,3,52,0,11,5
2017-06-20,7,10,79,0,14,3
2017-06-21,9,10,68,0,24,6
2017-06-22,11,10,86,0,14,5
2017-06-23,9,6,87,0,16,1
2017-06-24,8,5,68,0,10,8
2017-06-25,6,5,41,0,11,2
2017-06-26,1,9,47,0,18,3
2017-06-27,12,7,79,0,16,3
2017-06-28,9,10,91,0,15,4
2017-06-29,11,6,75,0,15,8
2017-06-30,8,10,94,0,14,7
2017-07-01,13,8,81,0,12,6
2017-07-02,8,3,46,0,3,4
2017-07-03,7,10,35,0,7,3
2017-07-04,17,4,88,0,16,3
2017-07-05,8,10,87,0,21,3
2017-07-06,3,2,87,0,15,5
2017-07-07,11,7,96,0,20,2
2017-07-08,12,11,92,0,16,2
2017-07-09,10,9,47,0,16,1
2017-07-10,13,7,79,0,18,5
2017-07-11,7,8,93,0,19,4
2017-07-12,8,11,79,0,17,2
2017-07-13,14,9,82,0,11,4
2017-07-14,9,10,110,0,19,0
2017-07-15,16,9,71,0,22,10
2017-07-16,4,12,52,0,13,2
2017-07-17,7,6,99,0,13,6
2017-07-18,9,5,99,0,22,11
2017-07-19,12,3,111,0,17,8
2017-07-20,4,9,51,0,6,3
2017-07-21,16,8,105,0,12,3
2017-07-22,8,2,80,0,12,2
2017-07-23,8,5,47,0,5,2
2017-07-24,11,6,103,0,17,11
2017-07-25,14,10,101,0,25,5
2017-07-26,9,14,90,0,17,7
2017-07-27,7,12,98,0,15,3
2017-07-28,10,7,111,0,11,2
2017-07-29,15,7,94,0,14,2
2017-07-30,6,7,46,0,11,5
2017-07-31,16,13,107,0,12,3
2017-08-01,14,9,110,0,15,9
2017-08-02,12,10,103,0,16,2
2017-08-03,11,10,104,1,11,5
2017-08-04,14,18,135,0,39,13
2017-08-05,15,8,81,0,13,4
2017-08-06,8,10,62,0,8,3
2017-08-07,12,16,57,0,12,3
2017-08-08,12,14,86,0,22,4
2017-08-09,11,9,111,0,23,8
2017-08-10,6,9,91,0,10,7
2017-08-11,10,14,93,0,18,12
2017-08-12,9,12,82,0,7,5
2017-08-13,9,11,54,0,8,2
2017-08-14,12,8,106,0,14,5
2017-08-15,13,13,91,0,13,4
2017-08-16,15,12,108,0,20,3
2017-08-17,15,8,118,0,9,3
2017-08-18,7,14,118,0,16,7
2017-08-19,10,14,82,0,14,6
2017-08-20,4,9,39,0,8,2
2017-08-21,13,5,53,0,11,5
2017-08-22,7,10,85,0,9,7
2017-08-23,12,9,99,0,11,3
2017-08-24,15,8,87,0,17,7
2017-08-25,12,14,94,0,8,1
2017-08-26,11,13,90,0,12,4
2017-08-27,7,8,55,0,5,3
2017-08-28,16,11,100,0,28,4
2017-08-29,13,21,104,0,13,7
2017-08-30,15,16,62,0,9,7
2017-08-31,4,19,56,0,13,10
2017-09-01,14,12,132,1,15,5
2017-09-02,13,11,68,0,14,8
2017-09-03,11,7,56,0,5,3
2017-09-04,16,13,96,0,14,3
2017-09-05,12,9,102,0,11,9
2017-09-06,13,15,107,0,24,11
2017-09-07,9,15,104,0,23,10
2017-09-08,12,11,71,0,25,4
2017-09-09,9,10,70,0,21,2
2017-09-10,6,9,47,0,10,1
2017-09-11,14,13,99,0,10,4
2017-09-12,9,19,89,0,14,5
2017-09-13,8,15,86,0,13,2
2017-09-14,19,9,103,0,11,5
2017-09-15,11,10,106,0,13,4
2017-09-16,17,7,90,0,9,5
2017-09-17,8,11,59,0,10,2
2017-09-18,9,24,97,0,21,10
2017-09-19,13,13,108,0,14,2
2017-09-20,13,12,74,0,10,3
2017-09-21,9,8,97,0,9,5
2017-09-22,6,11,97,0,17,3
2017-09-23,14,5,98,0,13,3
2017-09-24,10,10,35,0,7,6
2017-09-25,10,5,104,0,8,10
2017-09-26,15,5,88,0,8,6
2017-09-27,12,14,74,0,16,6
2017-09-28,10,17,79,0,10,4
2017-09-29,9,14,90,0,33,4
2017-09-30,7,8,101,0,19,5
2017-10-01,6,5,59,0,15,5
2017-10-02,9,16,127,0,19,7
2017-10-03,8,18,99,0,20,4
2017-10-04,9,12,88,0,12,4
2017-10-05,8,11,96,0,18,6
2017-10-06,12,12,88,0,13,3
2017-10-07,14,4,75,0,3,8
2017-10-08,6,8,44,0,14,2
2017-10-09,3,9,72,0,9,7
2017-10-10,12,13,87,0,15,6
2017-10-11,5,7,80,0,12,6
2017-10-12,9,12,77,0,9,2
2017-10-13,14,9,95,0,12,2
2017-10-14,9,6,81,0,11,8
2017-10-15,14,6,46,0,10,2
2017-10-16,10,8,47,0,11,3
2017-10-17,14,7,102,0,19,1
2017-10-18,9,8,87,0,11,5
2017-10-19,7,15,73,0,4,5
2017-10-20,8,12,113,0,9,1
2017-10-21,15,8,102,0,17,5
2017-10-22,11,8,37,0,10,1
2017-10-23,9,19,78,0,15,4
2017-10-24,12,18,76,0,16,5
2017-10-25,16,15,96,0,19,4
2017-10-26,5,7,80,0,10,4
2017-10-27,11,15,103,1,10,3
2017-10-28,5,16,90,0,12,10
2017-10-29,11,8,43,0,3,5
2017-10-30,9,13,97,0,13,1
2017-10-31,9,12,106,0,17,7
2017-11-01,8,15,88,0,15,2
2017-11-02,6,10,104,0,13,3
2017-11-03,9,15,98,0,7,4
2017-11-04,9,11,77,0,12,8
2017-11-05,7,8,49,0,4,1
2017-11-06,10,4,37,0,10,5
2017-11-07,15,8,89,0,15,1
2017-11-08,25,14,79,0,14,4
2017-11-09,8,8,84,0,14,6
2017-11-10,10,8,84,0,4,0
2017-11-11,14,8,69,0,6,5
2017-11-12,9,5,41,0,15,4
2017-11-13,8,4,49,0,10,1
2017-11-14,16,6,111,0,24,6
2017-11-15,9,12,80,0,15,12
2017-11-16,13,18,104,0,21,5
2017-11-17,8,12,108,0,14,8
2017-11-18,7,6,98,0,12,6
2017-11-19,5,5,44,0,10,2
2017-11-20,9,9,80,0,11,6
2017-11-21,10,11,64,0,10,3
2017-11-22,9,21,96,0,16,7
2017-11-23,11,4,83,0,11,4
2017-11-24,5,24,98,0,7,4
2017-11-25,14,7,79,0,6,5
2017-11-26,12,9,55,0,7,3
2017-11-27,10,7,107,0,8,4
2017-11-28,16,11,95,0,10,3
2017-11-29,10,7,95,0,15,4
2017-11-30,13,12,87,0,12,6
2017-12-01,11,14,95,0,17,6
2017-12-02,12,6,99,0,12,3
2017-12-03,11,7,49,0,11,0
2017-12-04,10,8,90,0,13,4
2017-12-05,13,12,120,0,12,3
2017-12-06,10,16,91,0,4,4
2017-12-07,10,12,92,0,18,3
2017-12-08,8,11,57,0,4,3
2017-12-09,13,7,89,0,11,4
2017-12-10,3,5,49,0,13,3
2017-12-11,17,14,107,0,10,3
2017-12-12,6,7,98,0,8,6
2017-12-13,11,5,74,0,7,3
2017-12-14,6,15,76,0,7,3
2017-12-15,11,8,109,0,10,5
2017-12-16,14,13,79,0,12,2
2017-12-17,10,10,62,0,8,1
2017-12-18,14,13,95,0,14,1
2017-12-19,12,4,103,0,14,5
2017-12-20,13,17,101,0,12,1
2017-12-21,7,13,97,0,11,3
2017-12-22,9,13,114,0,10,3
2017-12-23,11,13,109,0,11,5
2017-12-24,17,4,48,0,11,5
2017-12-25,10,9,38,0,8,6
2017-12-26,11,5,76,0,18,3
2017-12-27,7,15,57,0,8,3
2017-12-28,8,14,76,0,13,2
2017-12-29,10,20,68,0,17,2
2017-12-30,12,9,52,0,6,2
2017-12-31,9,9,37,0,12,5
2018-01-01,8,8,38,0,11,1
2018-01-02,7,11,66,0,16,6
2018-01-03,14,4,74,0,7,4
2018-01-04,8,13,60,0,12,2
2018-01-05,12,11,41,0,21,1
2018-01-06,10,8,57,0,10,0
2018-01-07,5,4,30,0,5,2
2018-01-08,5,5,23,0,6,2
2018-01-09,3,14,64,0,15,3
2018-01-10,9,11,77,0,15,1
2018-01-11,8,6,64,0,15,5
2018-01-12,12,8,67,0,9,0
2018-01-13,5,5,44,0,10,2
2018-01-14,2,6,37,0,8,2
2018-01-15,10,9,81,0,13,5
2018-01-16,9,6,74,0,21,4
2018-01-17,10,9,93,0,17,7
2018-01-18,13,12,74,0,12,2
2018-01-19,5,13,100,0,17,2
2018-01-20,12,14,72,0,17,3
2018-01-21,9,8,51,0,9,4
2018-01-22,13,8,81,0,10,0
2018-01-23,10,8,87,0,9,0
2018-01-24,11,11,78,0,12,3
2018-01-25,9,7,83,0,10,1
2018-01-26,7,19,99,0,8,4
2018-01-27,6,5,78,0,9,3
2018-01-28,7,10,35,0,19,0
2018-01-29,9,8,68,0,7,0
2018-01-30,13,12,76,1,5,3
2018-01-31,12,7,66,0,8,4
2018-02-01,5,16,74,0,11,2
2018-02-02,10,15,130,0,12,5
2018-02-03,8,8,92,0,9,3
2018-02-04,9,4,46,0,7,2
2018-02-05,6,10,86,0,14,4
2018-02-06,12,8,92,0,14,3
2018-02-07,14,8,104,0,4,2
2018-02-08,10,4,88,0,11,3
2018-02-09,11,8,97,0,8,2
2018-02-10,10,14,83,0,6,1
2018-02-11,5,9,41,0,3,2
2018-02-12,8,18,79,0,25,15
2018-02-13,9,15,113,0,12,4
2018-02-14,13,7,98,0,11,4
2018-02-15,10,9,90,0,10,3
2018-02-16,11,10,101,0,12,2
2018-02-17,12,7,99,0,11,7
2018-02-18,9,9,42,0,9,3
2018-02-19,8,8,103,1,9,1
2018-02-20,13,9,89,0,6,3
2018-02-21,5,17,83,0,16,1
2018-02-22,13,11,83,0,16,6
2018-02-23,13,20,104,0,4,3
2018-02-24,6,9,70,0,11,6
2018-02-25,4,7,53,0,8,2
2018-02-26,9,15,86,0,10,1
2018-02-27,5,4,72,0,6,1
2018-02-28,9,8,89,0,11,3
2018-03-01,14,10,97,0,12,9
2018-03-02,8,5,95,0,11,3
2018-03-03,16,21,89,0,7,4
2018-03-04,9,7,53,0,5,2
2018-03-05,10,19,97,0,18,1
2018-03-06,10,21,86,0,18,2
2018-03-07,10,13,69,0,8,0
2018-03-08,8,12,62,0,7,1
2018-03-09,10,11,84,0,7,6
2018-03-10,18,18,83,0,10,0
2018-03-11,13,7,56,0,3,0
2018-03-12,13,17,90,0,10,1
2018-03-13,9,23,70,0,18,5
2018-03-14,11,16,87,0,7,1
2018-03-15,16,21,87,0,15,7
2018-03-16,8,10,95,0,13,3
2018-03-17,16,12,76,0,11,5
2018-03-18,7,5,43,0,15,1
2018-03-19,5,6,44,0,11,1
2018-03-20,7,21,106,0,14,4
2018-03-21,13,16,96,0,12,0
2018-03-22,9,9,79,0,9,3
2018-03-23,8,11,88,0,15,1
2018-03-24,9,13,81,0,14,7
2018-03-25,6,10,46,0,6,2
2018-03-26,6,15,90,0,10,8
2018-03-27,8,13,80,0,7,5
2018-03-28,15,12,70,0,7,3
2018-03-29,3,10,40,0,11,0
2018-03-30,6,5,17,0,6,1
2018-03-31,8,9,46,0,12,0
2018-04-01,4,5,48,0,8,3
2018-04-02,9,8,100,0,11,4
2018-04-03,14,5,89,0,14,4
2018-04-04,10,17,73,0,9,5
2018-04-05,14,13,100,0,13,0
2018-04-06,12,13,101,0,10,0
2018-04-07,8,6,92,0,8,0
2018-04-08,10,9,50,0,11,4
2018-04-09,10,11,95,0,14,6
2018-04-10,8,15,102,0,13,5
2018-04-11,8,10,87,0,13,2
2018-04-12,14,19,72,0,14,3
2018-04-13,11,11,84,0,13,3
2018-04-14,12,18,68,0,5,4
2018-04-15,7,6,38,0,5,2
2018-04-16,13,17,97,0,13,2
2018-04-17,9,13,75,1,8,4
2018-04-18,14,9,81,0,6,1
2018-04-19,13,8,85,0,8,8
2018-04-20,16,9,87,0,8,1
2018-04-21,9,11,86,0,6,2
2018-04-22,7,8,60,0,7,8
2018-04-23,16,14,111,0,7,3
2018-04-24,9,8,53,0,6,1
2018-04-25,13,8,100,0,13,0
2018-04-26,5,14,83,0,23,7
2018-04-27,12,14,96,0,7,7
2018-04-28,8,9,85,0,10,5
2018-04-29,5,3,46,0,13,1
2018-04-30,10,10,81,0,13,1
2018-05-01,6,9,29,0,8,1
2018-05-02,15,11,92,0,23,4
2018-05-03,16,14,87,0,17,2
2018-05-04,12,14,75,0,19,3
2018-05-05,11,21,74,0,8,0
2018-05-06,7,6,41,0,6,5
2018-05-07,2,20,68,0,16,2
2018-05-08,17,12,81,0,12,5
2018-05-09,9,14,79,0,13,5
2018-05-10,11,16,80,0,15,2
2018-05-11,12,11,119,0,10,4
2018-05-12,8,7,96,0,10,3
2018-05-13,9,14,62,0,8,5
2018-05-14,8,8,40,0,11,3
2018-05-15,12,10,98,0,16,6
2018-05-16,11,7,84,0,11,3
2018-05-17,10,9,84,0,5,3
2018-05-18,12,8,103,0,5,4
2018-05-19,13,9,98,0,8,3
2018-05-20,3,6,45,0,13,4
2018-05-21,10,7,80,0,11,5
2018-05-22,11,16,114,0,6,2
2018-05-23,10,10,102,0,13,6
2018-05-24,8,14,82,0,14,5
2018-05-25,13,16,99,0,10,2
2018-05-26,14,19,75,0,11,3
2018-05-27,7,8,55,0,6,3
2018-05-28,10,11,92,0,15,5
2018-05-29,6,8,86,0,9,6
2018-05-30,9,15,88,0,13,6
2018-05-31,9,8,65,0,9,2
2018-06-01,9,12,92,0,14,5
2018-06-02,13,9,88,0,19,3
2018-06-03,8,9,53,0,12,5
2018-06-04,5,7,46,0,16,3
2018-06-05,8,9,86,0,12,3
2018-06-06,15,7,75,0,14,2
2018-06-07,8,9,84,0,16,3
2018-06-08,22,10,84,0,14,1
2018-06-09,14,10,94,0,6,4
2018-06-10,7,5,52,0,9,2
2018-06-11,10,14,46,0,9,3
2018-06-12,15,11,98,0,15,4
2018-06-13,13,19,97,0,12,6
2018-06-14,8,11,73,0,16,3
2018-06-15,12,10,83,0,11,5
2018-06-16,12,7,76,0,3,5
2018-06-17,9,13,55,0,8,2
2018-06-18,10,6,83,0,6,5
2018-06-19,11,10,68,0,6,1
2018-06-20,10,11,88,0,10,1
2018-06-21,16,7,82,0,9,1
2018-06-22,14,9,95,0,17,6
2018-06-23,10,15,97,0,17,6
2018-06-24,14,8,61,0,7,2
2018-06-25,12,16,87,0,13,3
2018-06-26,7,18,59,0,10,1
2018-06-27,10,9,80,0,14,0
2018-06-28,9,12,69,0,12,6
2018-06-29,5,7,73,0,15,2
2018-06-30,14,10,67,0,16,3
2018-07-01,2,2,45,0,9,4
2018-07-02,13,5,45,0,12,4
2018-07-03,11,14,73,0,19,6
2018-07-04,13,10,93,0,13,1
2018-07-05,11,4,67,0,13,0
2018-07-06,9,8,74,0,5,4
2018-07-07,10,9,66,0,4,4
2018-07-08,11,7,29,0,11,7
2018-07-09,7,16,94,0,10,1
2018-07-10,4,9,75,0,13,2
2018-07-11,12,1,95,0,9,0
2018-07-12,14,5,85,0,15,1
2018-07-13,14,10,91,0,11,5
2018-07-14,12,6,76,0,16,5
2018-07-15,7,9,45,0,2,0
2018-07-16,13,15,102,0,13,2
2018-07-17,9,18,94,0,8,1
2018-07-18,10,12,84,0,8,5
2018-07-19,10,11,108,0,17,3
2018-07-20,7,9,52,0,6,7
2018-07-21,13,10,80,0,21,6
2018-07-22,4,6,41,0,8,4
2018-07-23,11,11,108,0,13,4
2018-07-24,13,16,80,0,15,7
2018-07-25,7,13,73,0,6,2
2018-07-26,9,20,85,0,20,6
2018-07-27,12,17,87,0,13,5
2018-07-28,9,14,81,0,6,4
2018-07-29,7,10,41,0,12,3
2018-07-30,10,13,96,0,16,5
2018-07-31,12,15,62,0,12,5
2018-08-01,13,15,81,0,11,5
2018-08-02,11,10,79,0,9,6
2018-08-03,8,15,113,0,11,1
2018-08-04,22,6,105,0,10,2
2018-08-05,9,6,48,0,5,4
2018-08-06,11,14,84,0,6,3
2018-08-07,6,7,49,0,10,4
2018-08-08,11,6,102,0,13,1
2018-08-09,9,3,89,0,13,2
2018-08-10,12,14,100,0,10,2
2018-08-11,13,17,102,0,9,2
2018-08-12,9,5,53,0,10,1
2018-08-13,12,14,95,0,13,1
2018-08-14,4,14,97,0,18,3
2018-08-15,15,11,103,0,15,7
2018-08-16,8,14,100,0,11,2
2018-08-17,12,19,91,0,5,0
2018-08-18,12,17,88,0,10,1
2018-08-19,6,11,43,0,5,1
2018-08-20,5,12,49,0,9,1
2018-08-21,10,12,103,0,11,0
2018-08-22,7,9,86,0,7,0
2018-08-23,12,6,84,0,11,5
2018-08-24,10,22,110,0,21,9
2018-08-25,10,6,82,0,8,2
2018-08-26,14,6,44,0,6,2
2018-08-27,15,18,101,0,21,2
2018-08-28,8,8,74,0,6,1
2018-08-29,8,11,96,1,14,5
2018-08-30,8,11,82,0,5,4
2018-08-31,10,13,83,1,7,5
2018-09-01,15,7,78,0,11,5
2018-09-02,11,6,46,0,8,1
2018-09-03,11,8,84,0,9,0
2018-09-04,12,18,98,0,18,3
2018-09-05,8,14,93,0,15,3
2018-09-06,12,14,86,0,5,1
2018-09-07,10,8,105,0,13,7
2018-09-08,13,12,86,0,16,4
2018-09-09,8,7,55,0,6,0
2018-09-10,6,10,69,0,8,6
2018-09-11,14,8,93,0,9,2
2018-09-12,9,15,82,0,14,8
2018-09-13,11,10,76,0,13,7
2018-09-14,15,8,102,0,19,1
2018-09-15,11,15,92,0,9,2
2018-09-16,9,7,45,0,5,2
2018-09-17,12,13,107,0,9,1
2018-09-18,13,5,90,0,12,6
2018-09-19,22,10,83,0,5,4
2018-09-20,6,9,72,0,18,3
2018-09-21,18,11,92,0,6,1
2018-09-22,9,18,84,0,4,2
2018-09-23,7,4,59,0,4,2
2018-09-24,5,8,68,0,19,4
2018-09-25,8,2,113,0,14,4
2018-09-26,6,2,81,0,16,7
2018-09-27,6,10,108,0,18,8
2018-09-28,18,4,127,0,12,8
2018-09-29,10,11,90,0,13,2
2018-09-30,9,2,43,0,4,4
2018-10-01,8,11,81,0,6,16
2018-10-02,6,10,86,0,11,8
2018-10-03,9,13,88,0,7,6
2018-10-04,14,11,97,0,13,7
2018-10-05,12,15,98,0,9,5
2018-10-06,8,13,75,0,10,4
2018-10-07,11,2,56,0,4,1
2018-10-08,5,11,78,0,12,5
2018-10-09,10,8,95,0,8,6
2018-10-10,5,13,78,0,10,7
2018-10-11,10,13,84,0,10,2
2018-10-12,20,6,104,0,8,0
2018-10-13,13,4,80,0,8,4
2018-10-14,5,6,43,0,10,4
2018-10-15,8,3,39,0,7,1
2018-10-16,7,13,83,1,11,3
2018-10-17,9,11,97,0,9,2
2018-10-18,11,16,77,0,16,4
2018-10-19,12,16,83,0,8,2
2018-10-20,8,14,95,0,7,3
2018-10-21,6,9,46,0,4,1
2018-10-22,17,9,78,0,8,2
2018-10-23,10,7,81,0,12,2
2018-10-24,16,13,85,0,12,1
2018-10-25,9,9,98,0,14,3
2018-10-26,14,12,77,0,14,9
2018-10-27,9,11,82,0,12,3
2018-10-28,9,5,47,0,4,2
2018-10-29,10,13,93,0,11,3
2018-10-30,12,17,113,0,24,5
2018-10-31,10,7,110,0,18,6
2018-11-01,15,7,89,0,14,3
2018-11-02,9,12,94,0,10,6
2018-11-03,6,11,93,0,21,4
2018-11-04,9,3,52,0,8,1
2018-11-05,5,6,51,0,4,4
2018-11-06,13,7,124,0,9,4
2018-11-07,10,3,85,0,8,2
2018-11-08,12,10,81,0,8,3
2018-11-09,7,11,81,0,11,5
2018-11-10,6,4,78,0,3,6
2018-11-11,9,6,47,0,3,3
2018-11-12,13,10,41,0,4,2
2018-11-13,10,6,131,0,7,3
2018-11-14,10,7,90,1,7,7
2018-11-15,10,10,82,0,4,4
2018-11-16,9,6,114,0,6,1
2018-11-17,9,8,93,0,8,2
2018-11-18,10,6,55,0,5,0
2018-11-19,12,12,97,0,13,4
2018-11-20,8,12,105,0,9,6
2018-11-21,15,10,86,0,6,3
2018-11-22,4,13,79,0,5,1
2018-11-23,12,10,96,0,12,5
2018-11-24,11,7,93,0,11,3
2018-11-25,7,6,52,0,11,1
2018-11-26,10,10,80,0,15,5
2018-11-27,6,12,80,0,14,7
2018-11-28,11,8,82,0,15,1
2018-11-29,5,14,69,0,6,4
2018-11-30,4,6,30,0,11,4
2018-12-01,11,12,95,0,11,1
2018-12-02,8,4,55,0,7,4
2018-12-03,10,11,100,0,10,2
2018-12-04,7,14,99,0,11,6
2018-12-05,8,9,105,0,7,1
2018-12-06,10,8,122,0,10,1
2018-12-07,11,4,101,0,4,4
2018-12-08,9,6,56,0,4,6
2018-12-09,16,6,46,0,7,3
2018-12-10,9,9,98,0,17,2
2018-12-11,7,9,92,1,10,3
2018-12-12,16,14,110,0,16,11
2018-12-13,8,5,108,0,5,6
2018-12-14,9,3,93,0,5,4
2018-12-15,7,8,72,0,7,3
2018-12-16,17,7,60,0,13,2
2018-12-17,10,13,74,0,13,3
2018-12-18,6,8,101,0,9,2
2018-12-19,18,4,84,0,9,3
2018-12-20,13,11,100,0,10,4
2018-12-21,8,5,107,0,5,5
2018-12-22,12,10,77,0,8,7
2018-12-23,11,8,66,0,5,2
2018-12-24,14,7,87,0,9,6
2018-12-25,17,3,47,0,7,2
2018-12-26,12,7,85,0,7,4
2018-12-27,13,3,79,0,10,2
2018-12-28,6,6,87,0,7,1
2018-12-29,16,4,59,0,7,4
2018-12-30,5,7,34,0,11,2
2018-12-31,6,5,43,0,9,2
2019-01-01,14,4,32,0,8,1
2019-01-02,8,5,58,0,13,5
2019-01-03,5,10,64,0,8,2
2019-01-04,5,4,74,0,8,1
2019-01-05,7,5,40,0,14,4
2019-01-06,4,5,31,0,7,3
2019-01-07,3,2,33,0,5,0
2019-01-08,12,11,75,0,10,0
2019-01-09,7,15,52,0,10,1
2019-01-10,9,13,61,0,4,4
2019-01-11,13,12,59,0,11,1
2019-01-12,9,9,75,0,4,2
2019-01-13,7,10,43,0,5,2
2019-01-14,9,10,63,0,8,1
2019-01-15,7,10,86,0,8,0
2019-01-16,7,9,81,0,11,7
2019-01-17,9,21,84,0,17,2
2019-01-18,11,8,90,0,10,1
2019-01-19,5,8,69,0,14,5
2019-01-20,9,6,35,0,6,4
2019-01-21,11,9,85,0,9,3
2019-01-22,5,6,97,0,12,0
2019-01-23,9,6,95,0,16,4
2019-01-24,14,12,80,0,13,3
2019-01-25,16,5,84,0,9,2
2019-01-26,13,12,76,0,11,3
2019-01-27,7,4,48,0,9,1
2019-01-28,11,14,95,0,9,3
2019-01-29,13,10,79,0,6,1
2019-01-30,16,12,78,0,11,2
2019-01-31,7,3,51,0,8,3
2019-02-01,7,12,104,0,17,5
2019-02-02,10,10,80,0,6,3
2019-02-03,13,13,48,0,1,1
2019-02-04,10,11,92,0,6,2
2019-02-05,9,4,98,0,3,3
2019-02-06,10,5,82,0,5,3
2019-02-07,10,7,100,0,12,4
2019-02-08,17,9,92,0,5,4
2019-02-09,11,9,66,0,7,3
2019-02-10,8,4,44,0,9,2
2019-02-11,17,11,75,0,11,2
2019-02-12,9,11,90,0,23,10
2019-02-13,10,6,89,0,12,2
2019-02-14,11,14,109,0,32,4
2019-02-15,12,6,73,0,13,3
2019-02-16,9,8,89,0,14,8
2019-02-17,7,7,55,0,6,1
2019-02-18,6,11,96,0,12,2
2019-02-19,9,12,90,0,10,3
2019-02-20,7,11,77,0,26,2
2019-02-21,16,14,94,0,11,2
2019-02-22,20,8,94,0,7,1
2019-02-23,9,9,66,0,10,2
2019-02-24,6,9,39,0,6,1
2019-02-25,9,8,71,0,13,5
2019-02-26,17,11,73,0,12,3
2019-02-27,12,16,79,0,15,5
2019-02-28,12,10,67,0,9,6
2019-03-01,7,6,91,0,14,2
2019-03-02,13,5,68,0,13,2
2019-03-03,7,6,58,0,11,3
2019-03-04,15,10,95,0,8,2
2019-03-05,11,10,104,0,14,3
2019-03-06,14,11,83,0,6,3
2019-03-07,9,5,54,0,8,2
2019-03-08,11,3,67,0,7,1
2019-03-09,11,6,88,0,7,2
2019-03-10,7,7,49,0,6,1
2019-03-11,13,13,88,0,11,3
2019-03-12,10,8,92,0,15,4
2019-03-13,17,9,83,0,5,2
2019-03-14,8,4,77,0,9,3
2019-03-15,16,13,84,0,9,3
2019-03-16,13,8,83,0,9,1
2019-03-17,6,5,49,0,5,0
2019-03-18,15,20,77,0,8,8
2019-03-19,12,6,79,0,13,2
2019-03-20,10,12,71,0,11,1
2019-03-21,21,14,96,0,10,4
2019-03-22,13,13,103,0,6,4
2019-03-23,14,7,73,0,2,4
2019-03-24,9,5,36,0,5,2
2019-03-25,8,6,44,0,8,2
2019-03-26,9,16,89,0,7,2
2019-03-27,8,11,77,0,6,1
2019-03-28,12,7,93,0,11,2
2019-03-29,6,9,61,0,7,2
2019-03-30,11,8,56,0,14,1
2019-03-31,5,5,28,0,3,4
2019-04-01,8,8,108,0,15,5
2019-04-02,15,15,84,0,11,7
2019-04-03,5,9,90,0,11,4
2019-04-04,11,14,90,0,19,8
2019-04-05,14,5,103,0,8,4
2019-04-06,9,12,95,0,9,6
2019-04-07,5,5,50,0,8,2
2019-04-08,12,14,87,0,18,6
2019-04-09,17,10,94,0,8,6
2019-04-10,18,10,78,0,20,3
2019-04-11,11,7,79,0,9,5
2019-04-12,12,6,109,0,7,1
2019-04-13,12,6,84,0,7,2
2019-04-14,7,7,46,0,12,4
2019-04-15,10,7,96,0,13,2
2019-04-16,10,6,63,0,13,2
2019-04-17,7,6,91,0,10,2
2019-04-18,3,10,28,0,5,2
2019-04-19,5,3,25,0,2,2
2019-04-20,8,5,54,0,3,4
2019-04-21,6,8,46,0,4,2
2019-04-22,9,9,87,0,17,2
2019-04-23,13,3,52,0,11,2
2019-04-24,7,3,103,0,16,2
2019-04-25,16,8,90,0,8,2
2019-04-26,8,12,110,0,9,10
2019-04-27,10,7,72,0,6,0
2019-04-28,6,5,40,0,6,6
2019-04-29,10,6,69,0,7,2
2019-04-30,11,6,73,1,8,6
2019-05-01,8,5,39,0,6,1
2019-05-02,11,10,102,0,6,4
2019-05-03,14,6,98,1,12,5
2019-05-04,13,13,92,0,6,3
2019-05-05,10,4,61,0,6,1
2019-05-06,11,7,97,0,6,1
2019-05-07,7,9,82,0,12,4
2019-05-08,9,24,91,0,29,7
2019-05-09,7,26,109,0,15,4
2019-05-10,8,8,123,0,13,3
2019-05-11,14,9,91,0,12,3
2019-05-12,8,1,56,0,2,1
2019-05-13,8,10,86,0,15,2
2019-05-14,13,6,83,0,12,3
2019-05-15,11,3,80,0,8,5
2019-05-16,9,13,88,0,18,2
2019-05-17,17,9,92,0,20,4
2019-05-18,9,10,66,0,8,1
2019-05-19,9,9,42,0,8,2
2019-05-20,4,16,76,0,8,5
2019-05-21,12,8,96,0,10,5
2019-05-22,4,15,100,0,11,7
2019-05-23,15,10,85,0,10,7
2019-05-24,8,5,90,0,9,4
2019-05-25,11,7,92,0,10,4
2019-05-26,11,8,44,0,11,2
2019-05-27,14,13,69,0,15,1
2019-05-28,5,6,76,0,10,5
2019-05-29,16,13,82,0,13,3
2019-05-30,10,5,52,0,10,2
2019-05-31,7,7,65,0,6,3
2019-06-01,14,8,91,0,12,4
2019-06-02,12,2,57,0,11,4
2019-06-03,7,5,53,0,5,1
2019-06-04,13,9,100,0,7,4
2019-06-05,8,7,101,0,9,4
2019-06-06,10,2,85,0,14,3
2019-06-07,12,15,88,0,10,5
2019-06-08,13,11,93,0,15,4
2019-06-09,7,7,58,0,5,2
2019-06-10,8,6,92,1,10,3
2019-06-11,13,9,99,0,10,7
2019-06-12,12,6,58,0,7,5
2019-06-13,8,14,89,0,13,3
2019-06-14,11,9,123,0,7,6
2019-06-15,18,10,86,0,16,1
2019-06-16,14,6,47,0,10,3
2019-06-17,5,4,96,0,7,4
2019-06-18,12,9,91,0,13,4
2019-06-19,10,7,80,0,6,6
2019-06-20,7,5,69,0,11,4
2019-06-21,12,7,84,0,9,1
2019-06-22,13,10,104,0,9,4
2019-06-23,4,6,34,0,2,2
2019-06-24,6,13,54,0,10,5
2019-06-25,7,9,97,0,18,9
2019-06-26,9,7,91,0,9,5
2019-06-27,13,6,87,0,8,1
2019-06-28,7,11,86,0,11,0
2019-06-29,11,13,63,0,11,1
2019-06-30,8,10,43,0,9,5
2019-07-01,6,7,44,0,10,3
2019-07-02,7,11,105,0,16,2
2019-07-03,15,15,73,0,15,8
2019-07-04,9,5,68,0,3,2
2019-07-05,10,5,93,0,17,3
2019-07-06,17,5,71,0,7,3
2019-07-07,6,4,48,0,8,5
2019-07-08,16,6,70,0,9,6
2019-07-09,9,8,80,0,17,7
2019-07-10,9,11,76,0,12,7
2019-07-11,7,18,111,0,14,8
2019-07-12,12,14,91,0,22,3
2019-07-13,7,20,90,0,17,4
2019-07-14,8,5,40,0,15,0
2019-07-15,17,14,82,0,20,9
2019-07-16,13,12,98,0,19,5
2019-07-17,10,9,102,0,15,7
2019-07-18,11,8,102,0,9,3
2019-07-19,6,12,123,0,19,5
2019-07-20,10,10,56,0,25,2
2019-07-21,12,6,47,0,11,5
2019-07-22,10,14,97,0,23,8
2019-07-23,14,21,94,0,24,11
2019-07-24,13,11,84,0,17,7
2019-07-25,7,13,91,0,7,12
2019-07-26,11,12,89,0,7,4
2019-07-27,16,13,92,0,16,4
2019-07-28,18,5,48,0,9,1
2019-07-29,11,8,86,0,20,7
2019-07-30,10,17,87,0,24,9
2019-07-31,14,9,59,0,15,4
2019-08-01,10,8,98,1,14,7
2019-08-02,12,24,120,0,16,8
2019-08-03,18,10,94,0,31,9
2019-08-04,6,7,78,0,11,8
2019-08-05,6,15,124,0,25,4
2019-08-06,18,11,121,0,12,8
2019-08-07,9,7,43,0,12,0
2019-08-08,13,14,125,0,10,2
2019-08-09,18,11,100,0,11,10
2019-08-10,18,8,99,0,17,3
2019-08-11,8,14,60,0,13,1
2019-08-12,14,14,120,0,18,5
2019-08-13,9,12,88,0,12,4
2019-08-14,15,9,93,0,14,8
2019-08-15,10,11,90,0,16,6
2019-08-16,11,37,116,0,33,15
2019-08-17,16,2,97,0,22,5
2019-08-18,6,9,57,0,13,2
2019-08-19,8,8,45,0,15,1
2019-08-20,16,12,109,1,18,6
2019-08-21,19,5,82,0,19,4
2019-08-22,6,6,92,0,14,2
2019-08-23,10,4,87,0,17,4
2019-08-24,11,9,76,0,16,4
2019-08-25,15,4,45,0,12,10
2019-08-26,12,13,110,0,11,5
2019-08-27,13,13,95,0,12,8
2019-08-28,14,12,82,0,14,5
2019-08-29,12,11,93,0,11,6
2019-08-30,13,14,99,0,7,3
2019-08-31,12,12,98,0,13,5
2019-09-01,10,12,52,0,7,1
2019-09-02,13,14,104,0,15,1
2019-09-03,17,18,90,0,15,4
2019-09-04,9,9,68,0,20,5
2019-09-05,14,16,105,0,15,4
2019-09-06,13,29,120,0,39,8
2019-09-07,15,7,90,0,19,0
2019-09-08,16,8,59,0,11,2
2019-09-09,11,13,68,0,17,4
2019-09-10,12,13,101,0,18,6
2019-09-11,6,13,82,0,10,6
2019-09-12,6,15,102,0,34,10
2019-09-13,16,10,101,0,23,6
2019-09-14,14,13,72,0,12,2
2019-09-15,11,6,53,0,17,5
2019-09-16,7,11,109,0,21,9
2019-09-17,12,12,99,0,16,4
2019-09-18,8,20,107,0,19,11
2019-09-19,15,17,98,0,22,8
2019-09-20,16,17,97,0,16,5
2019-09-21,9,6,99,0,15,8
2019-09-22,11,15,53,0,5,6
2019-09-23,9,13,93,0,22,4
2019-09-24,18,7,106,0,17,7
2019-09-25,7,14,84,0,26,8
2019-09-26,12,10,87,0,19,6
2019-09-27,15,14,97,0,17,5
2019-09-28,25,4,95,0,24,10
2019-09-29,6,3,51,0,10,4
2019-09-30,12,14,79,0,23,7
2019-10-01,11,6,98,0,18,6
2019-10-02,13,12,93,0,15,4
2019-10-03,13,6,96,0,18,6
2019-10-04,12,10,115,0,20,5
2019-10-05,15,10,85,0,12,8
2019-10-06,11,6,39,0,9,8
2019-10-07,9,15,97,0,18,14
2019-10-08,15,14,89,0,19,9
2019-10-09,10,10,110,0,12,3
2019-10-10,8,9,94,0,16,7
2019-10-11,13,16,100,0,16,4
2019-10-12,18,8,79,0,17,11
2019-10-13,7,9,46,0,9,1
2019-10-14,13,4,45,0,13,11
2019-10-15,10,14,116,0,11,9
2019-10-16,11,12,92,0,13,8
2019-10-17,10,11,108,0,33,9
2019-10-18,16,10,89,0,27,8
2019-10-19,20,2,79,0,8,5
2019-10-20,3,4,58,0,9,7
2019-10-21,14,22,84,0,20,8
2019-10-22,12,13,98,0,9,9
2019-10-23,13,12,116,0,18,13
2019-10-24,18,11,101,1,30,5
2019-10-25,14,9,96,0,11,9
2019-10-26,11,10,83,0,15,11
2019-10-27,12,2,64,0,15,2
2019-10-28,12,1,89,0,16,7
2019-10-29,14,13,102,0,18,11
2019-10-30,16,10,91,0,16,1
2019-10-31,14,9,76,0,18,11
2019-11-01,16,15,110,0,12,9
2019-11-02,19,16,78,0,13,3
2019-11-03,9,13,54,0,4,1
2019-11-04,12,14,44,0,9,5
2019-11-05,13,11,110,0,13,7
2019-11-06,13,12,106,0,7,3
2019-11-07,19,13,92,0,9,1
2019-11-08,17,10,102,0,19,2
2019-11-09,21,11,79,0,24,5
2019-11-10,10,14,50,0,19,5
2019-11-11,7,10,45,0,12,5
2019-11-12,8,25,120,0,26,11
2019-11-13,10,6,73,0,8,5
2019-11-14,11,11,63,0,11,11
2019-11-15,17,10,86,0,17,5
2019-11-16,8,10,98,0,13,12
2019-11-17,10,10,53,0,18,1
2019-11-18,15,12,106,0,12,7
2019-11-19,9,15,84,0,19,8
2019-11-20,10,12,96,0,24,5
2019-11-21,8,9,45,0,9,4
2019-11-22,9,13,118,0,19,11
2019-11-23,20,14,107,0,18,8
2019-11-24,9,7,55,0,10,1
2019-11-25,15,6,95,1,18,4
2019-11-26,18,6,83,0,13,12
2019-11-27,9,11,61,0,10,5
2019-11-28,16,11,58,0,16,7
2019-11-29,10,10,43,0,16,9
2019-11-30,18,7,40,0,12,3
2019-12-01,15,7,67,1,14,5
2019-12-02,13,12,100,0,13,4
2019-12-03,15,18,108,0,9,4
2019-12-04,12,12,101,0,25,9
2019-12-05,18,19,130,0,17,5
2019-12-06,10,8,117,0,18,6
2019-12-07,13,8,102,0,9,10
2019-12-08,11,10,69,0,10,6
2019-12-09,13,14,89,0,22,4
2019-12-10,11,10,109,0,12,5
2019-12-11,10,10,110,0,13,4
2019-12-12,6,5,89,0,13,9
2019-12-13,14,19,101,0,18,10
2019-12-14,6,11,85,0,19,6
2019-12-15,14,12,62,0,12,8
2019-12-16,10,18,112,0,19,6
2019-12-17,11,10,87,0,11,8
2019-12-18,12,13,96,0,16,2
2019-12-19,6,10,99,0,8,4
2019-12-20,14,11,104,0,15,5
2019-12-21,17,12,94,0,15,4
2019-12-22,13,14,62,0,19,9
2019-12-23,16,11,96,0,16,5
2019-12-24,13,11,88,0,15,6
2019-12-25,15,6,42,0,16,6
2019-12-26,7,10,74,0,19,13
2019-12-27,11,9,62,0,5,8
2019-12-28,11,6,60,0,5,11
2019-12-29,6,10,47,0,11,6
2019-12-30,7,22,57,0,21,9
2019-12-31,11,14,24,0,9,9
